,bca_high,bca_low
TrhnChr,-139.76590011821972,-259.88485380426414
TrhnACR,252.92558270417857,85.65502200854696
